SECURITIES;ERROR CODE;NUM FLDS;ID_ISIN;CRNCY;PX_CLOSE_DT;PX_LAST;AMT_OUTSTANDING;SP_EFF_DT;RTG_SP;RTG_SP_LT_LC_ISS_CRED_RTG_DT;RTG_SP_LT_LC_ISSUER_CREDIT;FITCH_EFF_DT;RTG_FITCH_LT_ISSUER_DFLT_RTG_DT;RTG_FITCH;RTG_FITCH_LT_ISSUER_DEFAULT;RTG_FITCH_SEN_UNSEC_RTG_DT;RTG_FITCH_SEN_UNSECURED;MOODY_EFF_DT;RTG_MOODY_LONG_TERM_DATE;RTG_MOODY;RTG_MOODY_LONG_TERM;RTG_MDY_ISSUER_RTG_DT;RTG_MDY_ISSUER;RTG_MDY_SEN_UNSECURED_DEBT;PX_BID;PX_ASK;PREV_CPN_DT;MTG_FACTOR_SET_DT;DAYS_ACC;DUR_ADJ_ASK;DUR_ADJ_BID;DUR_ADJ_MID;OAS_SPREAD_MID;OAS_SPREAD_BID;OAS_SPREAD_ASK;MTG_LIFE_FLOOR;MTG_LIFE_CAP;DEFAULT_PERCENT;MTG_WACPN;NXT_CPN_DT;CPN;PX_YEST_CLOSE;YLD_YTM_MID;PX_YEST_DT;HIGH_52WEEK;HIGH_DT_52WEEK;LOW_52WEEK;LOW_DT_52WEEK;CV_START_DT;CV_CNVS_PX;YLD_YTM_BID;YLD_YTM_ASK;PREVIOUS_TOTAL_VOLUME;CUR_MKT_CAP;PX_VOLUME;TURNOVER;VOLATILITY_30D;VOLATILITY_90D;VOLATILITY_360D;EQY_FLOAT;EQY_SH_OUT;REL_INDEX;ROBECOSAM_TOTAL_STBLY_RANK;ENVIRONMENTAL_SCORE;SOCIAL_SCORE;GOVERNANCE_SCORE;EARN_YLD_HIST;BDVD_NEXT_EST_EX_DT;BDVD_PROJ_DIV_AMT;DVD_SH_LAST;FUND_TOTAL_ASSETS;FUND_CLASS_ASSETS
!!002ZS0   Mtge;0;51;ES0338540000;EUR; ;N.A.;0.00  ;N.A.;N.A.;N.A.;N.A.;N.A.;N.A.;N.A.;N.A.;N.A.;N.A.;N.A.;N.A.;N.A.;N.A.;N.A.;N.A.;N.A.;N.A.;N.A.; ;0.000000000  ;78;N.A.;N.A.;N.A.;N.A.;N.A.;N.A.;0.000  ; ;N.A.;2.0900  ; ;0.319000  ;N.A.;N.A.;N.A.; ; ; ; ; ; ;N.A.;N.A.;N.A.;;;;;;;;;;;;;;;;;;;
!!005JLV   Mtge;0;51;ES0314019011;EUR; ;N.A.;0.00  ;N.A.;N.A.;N.A.;N.A.;N.A.;N.A.;N.A.;N.A.;N.A.;N.A.;N.A.;N.A.;N.A.;N.A.;N.A.;N.A.;N.A.;N.A.;N.A.; ;0.000000000  ;51;N.A.;N.A.;N.A.;N.A.;N.A.;N.A.;0.000  ; ;N.A.;0.6900  ; ;0.248000  ;N.A.;N.A.;N.A.; ; ; ; ; ; ;N.A.;N.A.;N.A.;;;;;;;;;;;;;;;;;;;
!!008P8F   Mtge;0;51;ES0338541016;EUR; ;N.A.;0.00  ;N.A.;N.A.;N.A.;N.A.;N.A.;N.A.;N.A.;N.A.;N.A.;N.A.;N.A.;N.A.;N.A.;N.A.;N.A.;N.A.;N.A.;N.A.;N.A.; ;0.000000000  ;142;N.A.;N.A.;N.A.;N.A.;N.A.;N.A.;0.000  ; ;N.A.;1.2800  ; ;0.299000  ;N.A.;N.A.;N.A.; ; ; ; ; ; ;N.A.;N.A.;N.A.;;;;;;;;;;;;;;;;;;;
!!0094RK   Mtge;0;51;XS0159861078;EUR; ;N.A.;0.00  ;N.A.;N.A.;N.A.;N.A.;22/12/2017;N.A.;PIF;N.A.;N.A.;N.A.;N.A.;N.A.;N.A.;N.A.;N.A.;N.A.;N.A.;N.A.;N.A.; ;0.000000000  ;83;N.A.;N.A.;N.A.;N.A.;N.A.;N.A.;0.000  ; ;N.A.;1.3185  ; ;0.000000  ;N.A.;N.A.;N.A.; ; ; ; ; ; ;N.A.;N.A.;N.A.;;;;;;;;;;;;;;;;;;;
!!00A6N4   Mtge;0;51;ES0338448014;EUR; ;N.A.;0.00  ;N.A.;N.A.;N.A.;N.A.;03/10/2017;N.A.;PIF;N.A.;N.A.;N.A.;N.A.;N.A.;N.A.;N.A.;N.A.;N.A.;N.A.;N.A.;N.A.; ;0.000000000  ;76;N.A.;N.A.;N.A.;N.A.;N.A.;N.A.;0.000  ; ;N.A.;1.3800  ; ;0.221000  ;N.A.;N.A.;N.A.; ; ; ; ; ; ;N.A.;N.A.;N.A.;;;;;;;;;;;;;;;;;;;
!!00BDGZ   Mtge;0;51;ES0338222013;EUR; ;N.A.;0.00  ;N.A.;N.A.;N.A.;N.A.;N.A.;N.A.;N.A.;N.A.;N.A.;N.A.;N.A.;N.A.;N.A.;N.A.;N.A.;N.A.;N.A.;N.A.;N.A.; ;0.000000000  ;79;N.A.;N.A.;N.A.;N.A.;N.A.;N.A.;0.000  ; ;N.A.;1.1100  ; ;0.109000  ;N.A.;N.A.;N.A.; ; ; ; ; ; ;N.A.;N.A.;N.A.;;;;;;;;;;;;;;;;;;;
!!00BMG3   Mtge;0;51;ES0312369012;EUR; ;N.A.;0.00  ;N.A.;N.A.;N.A.;N.A.;N.A.;N.A.;N.A.;N.A.;N.A.;N.A.;N.A.;N.A.;N.A.;N.A.;N.A.;N.A.;N.A.;N.A.;N.A.; ;0.000000000  ;79;N.A.;N.A.;N.A.;N.A.;N.A.;N.A.;0.000  ; ;N.A.;3.7300  ; ;0.322000  ;N.A.;N.A.;N.A.; ; ; ; ; ; ;N.A.;N.A.;N.A.;;;;;;;;;;;;;;;;;;;
!!00DAFL   Mtge;0;51;IT0003575070;EUR; ;N.A.;0.00  ;N.A.;N.A.;N.A.;N.A.;15/06/2022;N.A.;PIF;N.A.;N.A.;N.A.;N.A.;N.A.;N.A.;N.A.;N.A.;N.A.;N.A.;N.A.;N.A.; ;0.000000000  ;83;N.A.;N.A.;N.A.;N.A.;N.A.;N.A.;0.000  ; ;N.A.;1.1522  ; ;0.498000  ;N.A.;N.A.;N.A.; ; ; ; ; ; ;N.A.;N.A.;N.A.;;;;;;;;;;;;;;;;;;;
!!00DFWA   Mtge;0;51;XS0182690742;EUR; ;N.A.;0.00  ;N.A.;N.A.;N.A.;N.A.;N.A.;N.A.;N.A.;N.A.;N.A.;N.A.;N.A.;N.A.;N.A.;N.A.;N.A.;N.A.;N.A.;N.A.;N.A.; ;0.000000000  ;7;N.A.;N.A.;N.A.;N.A.;N.A.;N.A.;0.000  ; ;N.A.;6.7500  ; ;0.733000  ;N.A.;N.A.;N.A.; ; ; ; ; ; ;N.A.;N.A.;N.A.;;;;;;;;;;;;;;;;;;;
!!00FM9X   Mtge;0;51;ES0347861017;EUR; ;N.A.;17300000.00  ;N.A.;N.A.;N.A.;N.A.;N.A.;N.A.;N.A.;N.A.;N.A.;N.A.;N.A.;N.A.;N.A.;N.A.;N.A.;N.A.;N.A.;N.A.;N.A.;22/12/2022;1.000000000  ;76;N.A.;N.A.;N.A.;N.A.;N.A.;N.A.;0.000  ; ;0;1.5300  ;22/03/2023;2.481000  ;N.A.;N.A.;N.A.; ; ; ; ; ; ;N.A.;N.A.;N.A.;;;;;;;;;;;;;;;;;;;
!!00FTY9   Mtge;0;51;XS0197194565;EUR; ;N.A.;0.00  ;N.A.;N.A.;N.A.;N.A.;03/06/2013;N.A.;PIF;N.A.;N.A.;N.A.;N.A.;N.A.;N.A.;N.A.;N.A.;N.A.;N.A.;N.A.;N.A.; ;0.000000000  ;7;N.A.;N.A.;N.A.;N.A.;N.A.;N.A.;0.000  ; ;N.A.;5.8600  ; ;2.010000  ;N.A.;N.A.;N.A.; ; ; ; ; ; ;N.A.;N.A.;N.A.;;;;;;;;;;;;;;;;;;;
!!00HJSY   Mtge;0;51;ES0310110020;EUR; ;N.A.;0.00  ;N.A.;N.A.;N.A.;N.A.;23/01/2015;N.A.;PIF;N.A.;N.A.;N.A.;N.A.;N.A.;N.A.;N.A.;N.A.;N.A.;N.A.;N.A.;N.A.; ;0.000000000  ;44;N.A.;N.A.;N.A.;N.A.;N.A.;N.A.;0.000  ; ;N.A.;2.0600  ; ;0.381000  ;N.A.;N.A.;N.A.; ; ; ; ; ; ;N.A.;N.A.;N.A.;;;;;;;;;;;;;;;;;;;
!!00K0YS   Mtge;0;51;ES0347862007;EUR; ;N.A.;76554124.90  ;N.A.;N.A.;N.A.;N.A.;N.A.;N.A.;N.A.;N.A.;N.A.;N.A.;N.A.;N.A.;N.A.;N.A.;N.A.;N.A.;N.A.;N.A.;N.A.;22/12/2022;0.079660900  ;76;N.A.;N.A.;N.A.;N.A.;N.A.;N.A.;0.000  ; ;0;2.1800  ;22/03/2023;2.221000  ;N.A.;N.A.;N.A.; ; ; ; ; ; ;N.A.;N.A.;N.A.;;;;;;;;;;;;;;;;;;;
!!00KCJS   Mtge;0;51;ES0312380001;EUR; ;N.A.;0.00  ;N.A.;N.A.;N.A.;N.A.;N.A.;N.A.;N.A.;N.A.;N.A.;N.A.;N.A.;N.A.;N.A.;N.A.;N.A.;N.A.;N.A.;N.A.;N.A.; ;0.000000000  ;51;N.A.;N.A.;N.A.;N.A.;N.A.;N.A.;0.000  ; ;N.A.;4.3000  ; ;0.423000  ;N.A.;N.A.;N.A.; ; ; ; ; ; ;N.A.;N.A.;N.A.;;;;;;;;;;;;;;;;;;;
!!00P9JK   Mtge;0;51;FR0010302802;EUR; ;N.A.;0.00  ;N.A.;N.A.;N.A.;N.A.;22/03/2021;N.A.;PIF;N.A.;N.A.;N.A.;N.A.;N.A.;N.A.;N.A.;N.A.;N.A.;N.A.;N.A.;N.A.; ;0.000000000  ;14;N.A.;N.A.;N.A.;N.A.;N.A.;N.A.;0.000  ; ;N.A.;2.9700  ; ;6.952000  ;N.A.;N.A.;N.A.; ; ; ; ; ; ;N.A.;N.A.;N.A.;;;;;;;;;;;;;;;;;;;
!!00PZ7C   Mtge;0;51;ES0333763011;EUR; ;N.A.;0.00  ;N.A.;N.A.;N.A.;N.A.;20/01/2015;N.A.;PIF;N.A.;N.A.;N.A.;N.A.;N.A.;N.A.;N.A.;N.A.;N.A.;N.A.;N.A.;N.A.; ;0.000000000  ;47;N.A.;N.A.;N.A.;N.A.;N.A.;N.A.;0.000  ; ;N.A.;8.1268  ; ;0.221000  ;N.A.;N.A.;N.A.; ; ; ; ; ; ;N.A.;N.A.;N.A.;;;;;;;;;;;;;;;;;;;
!!00QWGX   Mtge;0;51;ES0347854004;EUR; ;N.A.;97825209.20  ;N.A.;N.A.;N.A.;N.A.;N.A.;N.A.;N.A.;N.A.;N.A.;N.A.;N.A.;N.A.;N.A.;N.A.;N.A.;N.A.;N.A.;N.A.;N.A.;22/12/2022;0.110412200  ;76;N.A.;N.A.;N.A.;N.A.;N.A.;N.A.;0.000  ; ;0;2.0200  ;22/03/2023;2.221000  ;N.A.;N.A.;N.A.; ; ; ; ; ; ;N.A.;N.A.;N.A.;;;;;;;;;;;;;;;;;;;
!!00R0IE   Mtge;0;51;IT0004068851;EUR; ;N.A.;0.00  ;N.A.;N.A.;N.A.;N.A.;N.A.;N.A.;N.A.;N.A.;N.A.;N.A.;N.A.;N.A.;N.A.;N.A.;N.A.;N.A.;N.A.;N.A.;N.A.; ;0.000000000  ;9;N.A.;N.A.;N.A.;N.A.;N.A.;N.A.;0.000  ; ;N.A.;10.7500  ; ;0.667000  ;N.A.;N.A.;N.A.; ; ; ; ; ; ;N.A.;N.A.;N.A.;;;;;;;;;;;;;;;;;;;
!!00T50W Mtge;0;51;XS0268644886;EUR; ;N.A.;20458639.60  ;N.A.;N.A.;N.A.;N.A.;20/02/2018;N.A.;CC;N.A.;N.A.;N.A.;N.A.;N.A.;N.A.;N.A.;N.A.;N.A.;N.A.;N.A.;N.A.;16/01/2023;0.730665700  ;51;N.A.;N.A.;N.A.;N.A.;N.A.;N.A.;0.000  ; ;0;0.0900  ;17/04/2023;3.248000  ;N.A.;N.A.;N.A.; ; ; ; ; ; ;N.A.;N.A.;N.A.;;;;;;;;;;;;;;;;;;;
!!00U5P3   Mtge;0;51;ES0372260028;EUR; ;N.A.;0.00  ;N.A.;N.A.;N.A.;N.A.;15/03/2019;N.A.;PIF;N.A.;N.A.;N.A.;N.A.;N.A.;N.A.;N.A.;N.A.;N.A.;N.A.;N.A.;N.A.; ;0.000000000  ;83;N.A.;N.A.;N.A.;N.A.;N.A.;N.A.;0.000  ; ;N.A.;1.1200  ; ;0.000000  ;N.A.;N.A.;N.A.; ; ; ; ; ; ;N.A.;N.A.;N.A.;;;;;;;;;;;;;;;;;;;
!!00UBVR   Mtge;0;51;XS0274874832;EUR; ;N.A.;0.00  ;N.A.;N.A.;N.A.;N.A.;13/01/2015;N.A.;WD;N.A.;N.A.;N.A.;N.A.;N.A.;N.A.;N.A.;N.A.;N.A.;N.A.;N.A.;N.A.; ;0.000000000  ; ;N.A.;N.A.;N.A.;N.A.;N.A.;N.A.;0.000  ; ;0.000000  ;N.A.; ;0.600000  ;N.A.;N.A.;N.A.; ; ; ; ; ; ;N.A.;N.A.;N.A.;;;;;;;;;;;;;;;;;;;
!!00UEPB   Mtge;0;51;ES0313956023;EUR; ;N.A.;0.00  ;N.A.;N.A.;N.A.;N.A.;20/03/2015;N.A.;PIF;N.A.;N.A.;N.A.;N.A.;N.A.;N.A.;N.A.;N.A.;N.A.;N.A.;N.A.;N.A.; ;0.000000000  ;78;N.A.;N.A.;N.A.;N.A.;N.A.;N.A.;0.000  ; ;N.A.;7.5800  ; ;0.339000  ;N.A.;N.A.;N.A.; ; ; ; ; ; ;N.A.;N.A.;N.A.;;;;;;;;;;;;;;;;;;;
!!00UES8   Mtge;0;51;ES0374352021;EUR; ;N.A.;0.00  ;N.A.;N.A.;N.A.;N.A.;26/02/2016;N.A.;PIF;N.A.;N.A.;N.A.;N.A.;N.A.;N.A.;N.A.;N.A.;N.A.;N.A.;N.A.;N.A.; ;0.000000000  ;42;N.A.;N.A.;N.A.;N.A.;N.A.;N.A.;0.000  ; ;N.A.;4.2800  ; ;0.154000  ;N.A.;N.A.;N.A.; ; ; ; ; ; ;N.A.;N.A.;N.A.;;;;;;;;;;;;;;;;;;;
!!00UI55   Mtge;0;51;ES0347844070;EUR; ;N.A.;0.00  ;N.A.;N.A.;N.A.;N.A.;N.A.;N.A.;N.A.;N.A.;N.A.;N.A.;N.A.;N.A.;N.A.;N.A.;N.A.;N.A.;N.A.;N.A.;N.A.; ;0.000000000  ;77;N.A.;N.A.;N.A.;N.A.;N.A.;N.A.;0.000  ; ;N.A.;3.2800  ; ;0.417000  ;N.A.;N.A.;N.A.; ; ; ; ; ; ;N.A.;N.A.;N.A.;;;;;;;;;;;;;;;;;;;
!!00USYR   Mtge;0;51;IT0004158124;EUR; ;N.A.;0.00  ;N.A.;N.A.;N.A.;N.A.;18/10/2017;N.A.;PIF;N.A.;N.A.;N.A.;N.A.;N.A.;N.A.;N.A.;N.A.;N.A.;N.A.;N.A.;N.A.; ;0.000000000  ;44;N.A.;N.A.;N.A.;N.A.;N.A.;N.A.;0.000  ; ;N.A.;5.2000  ; ;0.000000  ;N.A.;N.A.;N.A.; ; ; ; ; ; ;N.A.;N.A.;N.A.;;;;;;;;;;;;;;;;;;;
!!00UT6W   Mtge;0;51;ES0338058037;EUR; ;N.A.;0.00  ;N.A.;N.A.;N.A.;N.A.;22/05/2017;N.A.;PIF;N.A.;N.A.;N.A.;N.A.;N.A.;N.A.;N.A.;N.A.;N.A.;N.A.;N.A.;N.A.; ;0.000000000  ;16;N.A.;N.A.;N.A.;N.A.;N.A.;N.A.;0.000  ; ;N.A.;0.5500  ; ;0.000000  ;N.A.;N.A.;N.A.; ; ; ; ; ; ;N.A.;N.A.;N.A.;;;;;;;;;;;;;;;;;;;
!!00UT6X   Mtge;0;51;ES0338058045;EUR; ;N.A.;0.00  ;N.A.;N.A.;N.A.;N.A.;20/05/2019;N.A.;PIF;N.A.;N.A.;N.A.;N.A.;N.A.;N.A.;N.A.;N.A.;N.A.;N.A.;N.A.;N.A.; ;0.000000000  ;16;N.A.;N.A.;N.A.;N.A.;N.A.;N.A.;0.000  ; ;N.A.;0.5500  ; ;0.242000  ;N.A.;N.A.;N.A.; ; ; ; ; ; ;N.A.;N.A.;N.A.;;;;;;;;;;;;;;;;;;;
!!00UT6Y   Mtge;0;51;ES0338058052;EUR; ;N.A.;0.00  ;N.A.;N.A.;N.A.;N.A.;20/05/2019;N.A.;PIF;N.A.;N.A.;N.A.;N.A.;N.A.;N.A.;N.A.;N.A.;N.A.;N.A.;N.A.;N.A.; ;0.000000000  ;16;N.A.;N.A.;N.A.;N.A.;N.A.;N.A.;0.000  ; ;N.A.;0.5500  ; ;1.792000  ;N.A.;N.A.;N.A.; ; ; ; ; ; ;N.A.;N.A.;N.A.;;;;;;;;;;;;;;;;;;;
!!00VD5V   Mtge;0;51;XS0284845343;EUR; ;N.A.;0.00  ;N.A.;N.A.;N.A.;N.A.;N.A.;N.A.;N.A.;N.A.;N.A.;N.A.;N.A.;N.A.;N.A.;N.A.;N.A.;N.A.;N.A.;N.A.;N.A.; ;0.000000000  ;78;N.A.;N.A.;N.A.;N.A.;N.A.;N.A.;0.000  ; ;N.A.;N.A.; ;0.629000  ;N.A.;N.A.;N.A.; ; ; ; ; ; ;N.A.;N.A.;N.A.;;;;;;;;;;;;;;;;;;;
!!00Y0N6   Mtge;0;51;IT0004232598;EUR; ;N.A.;0.00  ;N.A.;N.A.;N.A.;N.A.;N.A.;N.A.;N.A.;N.A.;N.A.;N.A.;N.A.;N.A.;N.A.;N.A.;N.A.;N.A.;N.A.;N.A.;N.A.; ;0.000000000  ;9;N.A.;N.A.;N.A.;N.A.;N.A.;N.A.;0.000  ; ;N.A.;10.7100  ; ;0.046000  ;N.A.;N.A.;N.A.; ; ; ; ; ; ;N.A.;N.A.;N.A.;;;;;;;;;;;;;;;;;;;
!!00Y0N7   Mtge;0;51;IT0004232614;EUR; ;N.A.;0.00  ;N.A.;N.A.;N.A.;N.A.;N.A.;N.A.;N.A.;N.A.;N.A.;N.A.;N.A.;N.A.;N.A.;N.A.;N.A.;N.A.;N.A.;N.A.;N.A.; ;0.000000000  ;9;N.A.;N.A.;N.A.;N.A.;N.A.;N.A.;0.000  ; ;N.A.;10.7100  ; ;0.296000  ;N.A.;N.A.;N.A.; ; ; ; ; ; ;N.A.;N.A.;N.A.;;;;;;;;;;;;;;;;;;;
!!00Y0N8   Mtge;0;51;IT0004232648;EUR; ;N.A.;0.00  ;N.A.;N.A.;N.A.;N.A.;N.A.;N.A.;N.A.;N.A.;N.A.;N.A.;N.A.;N.A.;N.A.;N.A.;N.A.;N.A.;N.A.;N.A.;N.A.; ;0.000000000  ;9;N.A.;N.A.;N.A.;N.A.;N.A.;N.A.;0.000  ; ;N.A.;10.7100  ; ;0.596000  ;N.A.;N.A.;N.A.; ; ; ; ; ; ;N.A.;N.A.;N.A.;;;;;;;;;;;;;;;;;;;
!!00YDVY   Mtge;0;51;XS0305672858;EUR; ;N.A.;0.00  ;N.A.;N.A.;N.A.;N.A.;28/06/2007;N.A.;NR;N.A.;N.A.;N.A.;N.A.;N.A.;N.A.;N.A.;N.A.;N.A.;N.A.;N.A.;N.A.; ;0.000000000  ; ;N.A.;N.A.;N.A.;N.A.;N.A.;N.A.;0.000  ; ;0.000000  ;N.A.; ;3.702000  ;N.A.;N.A.;N.A.; ; ; ; ; ; ;N.A.;N.A.;N.A.;;;;;;;;;;;;;;;;;;;
!!00Z1MJ   Mtge;0;51;IT0004247703;EUR; ;N.A.;0.00  ;N.A.;N.A.;N.A.;N.A.;N.A.;N.A.;N.A.;N.A.;N.A.;N.A.;N.A.;N.A.;N.A.;N.A.;N.A.;N.A.;N.A.;N.A.;N.A.; ;0.000000000  ;2;N.A.;N.A.;N.A.;N.A.;N.A.;N.A.;0.000  ; ;N.A.;1.4000  ; ;0.131000  ;N.A.;N.A.;N.A.; ; ; ; ; ; ;N.A.;N.A.;N.A.;;;;;;;;;;;;;;;;;;;
!!00Z2J6   Mtge;0;51;ES0347786040;EUR; ;N.A.;0.00  ;N.A.;N.A.;N.A.;N.A.;N.A.;N.A.;N.A.;N.A.;N.A.;N.A.;N.A.;N.A.;N.A.;N.A.;N.A.;N.A.;N.A.;N.A.;N.A.; ;0.000000000  ;43;N.A.;N.A.;N.A.;N.A.;N.A.;N.A.;0.000  ; ;N.A.;4.8900  ; ;0.358000  ;N.A.;N.A.;N.A.; ; ; ; ; ; ;N.A.;N.A.;N.A.;;;;;;;;;;;;;;;;;;;
!!01NLP9   Mtge;0;51;DE000A1GJ196;EUR; ;N.A.;0.00  ;N.A.;N.A.;N.A.;N.A.;N.A.;N.A.;N.A.;N.A.;N.A.;N.A.;N.A.;N.A.;N.A.;N.A.;N.A.;N.A.;N.A.;N.A.;N.A.; ;0.000000000  ;37;N.A.;N.A.;N.A.;N.A.;N.A.;N.A.;0.000  ; ;N.A.;N.A.; ;13.709000  ;N.A.;N.A.;N.A.; ; ; ; ; ; ;N.A.;N.A.;N.A.;;;;;;;;;;;;;;;;;;;
!!025F9V  Mtge;0;51;XS0995503090;EUR; ;N.A.;43500000.00  ;N.A.;N.A.;N.A.;N.A.;N.A.;N.A.;N.A.;N.A.;N.A.;N.A.;N.A.;N.A.;N.A.;N.A.;N.A.;N.A.;N.A.;N.A.;N.A.;16/01/2023;1.000000000  ;51;N.A.;N.A.;N.A.;N.A.;N.A.;N.A.; ; ;0;5.8124  ;17/04/2023;0.000000  ;N.A.;N.A.;N.A.; ; ; ; ; ; ;N.A.;N.A.;N.A.;;;;;;;;;;;;;;;;;;;
!!026I3M   Mtge;0;51;XS1032521137;EUR; ;N.A.;57500000.00  ;N.A.;N.A.;N.A.;N.A.;27/03/2014;N.A.;NR;N.A.;N.A.;N.A.;N.A.;N.A.;N.A.;N.A.;N.A.;N.A.;N.A.;N.A.;N.A.;17/01/2023;1.000000000  ;50;N.A.;N.A.;N.A.;N.A.;N.A.;N.A.; ; ;0;5.9018  ;17/04/2023;0.000000  ;N.A.;N.A.;N.A.; ; ; ; ; ; ;N.A.;N.A.;N.A.;;;;;;;;;;;;;;;;;;;
!!0275S7   Mtge;0;51;XS1068239794;EUR; ;N.A.;55000000.00  ;N.A.;N.A.;N.A.;N.A.;16/07/2014;N.A.;NR;N.A.;N.A.;N.A.;N.A.;N.A.;N.A.;N.A.;N.A.;N.A.;N.A.;N.A.;N.A.;15/02/2023;1.000000000  ;21;N.A.;N.A.;N.A.;N.A.;N.A.;N.A.; ; ;0;5.7507  ;15/05/2023;0.000000  ;N.A.;N.A.;N.A.; ; ; ; ; ; ;N.A.;N.A.;N.A.;;;;;;;;;;;;;;;;;;;
!!027X33 Mtge;0;51;XS1111616667;EUR; ;N.A.;44250000.00  ;N.A.;N.A.;N.A.;N.A.;29/10/2014;N.A.;NR;N.A.;N.A.;N.A.;N.A.;N.A.;N.A.;N.A.;N.A.;N.A.;N.A.;N.A.;N.A.;25/01/2023;1.000000000  ;42;N.A.;N.A.;N.A.;N.A.;N.A.;N.A.; ; ;0;5.8037  ;25/04/2023;0.000000  ;N.A.;N.A.;N.A.; ; ; ; ; ; ;N.A.;N.A.;N.A.;;;;;;;;;;;;;;;;;;;
!!027YLY   Mtge;0;51;XS1028944053;EUR; ;N.A.;0.00  ;N.A.;N.A.;N.A.;N.A.;25/05/2017;N.A.;PIF;N.A.;N.A.;N.A.;N.A.;N.A.;N.A.;N.A.;N.A.;N.A.;N.A.;N.A.;N.A.; ;0.000000000  ;9;N.A.;N.A.;N.A.;N.A.;N.A.;N.A.;0.000  ; ;N.A.;5.7563  ; ;2.971000  ;N.A.;N.A.;N.A.; ; ; ; ; ; ;N.A.;N.A.;N.A.;;;;;;;;;;;;;;;;;;;
!!027YLZ   Mtge;0;51;XS1028942941;EUR; ;N.A.;0.00  ;N.A.;N.A.;N.A.;N.A.;25/05/2017;N.A.;PIF;N.A.;N.A.;N.A.;N.A.;N.A.;N.A.;N.A.;N.A.;N.A.;N.A.;N.A.;N.A.; ;0.000000000  ;9;N.A.;N.A.;N.A.;N.A.;N.A.;N.A.;0.000  ; ;N.A.;5.7563  ; ;4.771000  ;N.A.;N.A.;N.A.; ; ; ; ; ; ;N.A.;N.A.;N.A.;;;;;;;;;;;;;;;;;;;
!!027YM1 Mtge;0;51;XS1028943329;EUR; ;N.A.;58300000.00  ;N.A.;N.A.;N.A.;N.A.;04/11/2014;N.A.;NR;N.A.;N.A.;N.A.;N.A.;N.A.;N.A.;N.A.;N.A.;N.A.;N.A.;N.A.;N.A.;27/02/2023;1.000000000  ;9;N.A.;N.A.;N.A.;N.A.;N.A.;N.A.; ; ;0;5.7563  ;25/05/2023;0.000000  ;N.A.;N.A.;N.A.; ; ; ; ; ; ;N.A.;N.A.;N.A.;;;;;;;;;;;;;;;;;;;
!!028069   Mtge;0;51;XS1114261636;EUR; ;N.A.;0.00  ;N.A.;N.A.;N.A.;N.A.;12/11/2021;N.A.;PIF;N.A.;N.A.;N.A.;N.A.;N.A.;N.A.;N.A.;N.A.;N.A.;N.A.;N.A.;N.A.; ;0.000000000  ;21;N.A.;N.A.;N.A.;N.A.;N.A.;N.A.;0.000  ; ;N.A.;3.5000  ; ;2.871000  ;N.A.;N.A.;N.A.; ; ; ; ; ; ;N.A.;N.A.;N.A.;;;;;;;;;;;;;;;;;;;
!!02806A   Mtge;0;51;XS1114265629;EUR; ;N.A.;0.00  ;N.A.;N.A.;N.A.;N.A.;12/11/2021;N.A.;PIF;N.A.;N.A.;N.A.;N.A.;N.A.;N.A.;N.A.;N.A.;N.A.;N.A.;N.A.;N.A.; ;0.000000000  ;21;N.A.;N.A.;N.A.;N.A.;N.A.;N.A.;0.000  ; ;N.A.;3.5000  ; ;4.447000  ;N.A.;N.A.;N.A.; ; ; ; ; ; ;N.A.;N.A.;N.A.;;;;;;;;;;;;;;;;;;;
!!02806B Mtge;0;51;XS1114266601;EUR; ;N.A.;0.00  ;N.A.;N.A.;N.A.;N.A.;12/11/2021;N.A.;PIF;N.A.;N.A.;N.A.;N.A.;N.A.;N.A.;N.A.;N.A.;N.A.;N.A.;N.A.;N.A.; ;0.000000000  ;21;N.A.;N.A.;N.A.;N.A.;N.A.;N.A.;0.000  ; ;N.A.;3.5000  ; ;5.447000  ;N.A.;N.A.;N.A.; ; ; ; ; ; ;N.A.;N.A.;N.A.;;;;;;;;;;;;;;;;;;;
!!02806C Mtge;0;51;XS1114268052;EUR; ;N.A.;26733952.84  ;N.A.;N.A.;N.A.;N.A.;20/07/2017;N.A.;NR;N.A.;N.A.;N.A.;N.A.;N.A.;N.A.;N.A.;N.A.;N.A.;N.A.;N.A.;N.A.;15/02/2023;0.532548861  ;21;N.A.;N.A.;N.A.;N.A.;N.A.;N.A.; ; ;0;3.5000  ;15/05/2023;0.000000  ;N.A.;N.A.;N.A.; ; ; ; ; ; ;N.A.;N.A.;N.A.;;;;;;;;;;;;;;;;;;;
!!0281EE   Mtge;0;51;XS1079821242;EUR; ;N.A.;0.00  ;N.A.;N.A.;N.A.;N.A.;15/08/2017;N.A.;PIF;N.A.;N.A.;N.A.;N.A.;N.A.;N.A.;N.A.;N.A.;N.A.;N.A.;N.A.;N.A.; ;0.000000000  ;21;N.A.;N.A.;N.A.;N.A.;N.A.;N.A.; ; ;N.A.;4.6385  ; ;3.321000  ;N.A.;N.A.;N.A.; ; ; ; ; ; ;N.A.;N.A.;N.A.;;;;;;;;;;;;;;;;;;;
!!0281EF   Mtge;0;51;XS1079825078;EUR; ;N.A.;0.00  ;N.A.;N.A.;N.A.;N.A.;15/08/2017;N.A.;PIF;N.A.;N.A.;N.A.;N.A.;N.A.;N.A.;N.A.;N.A.;N.A.;N.A.;N.A.;N.A.; ;0.000000000  ;21;N.A.;N.A.;N.A.;N.A.;N.A.;N.A.; ; ;N.A.;4.6385  ; ;4.821000  ;N.A.;N.A.;N.A.; ; ; ; ; ; ;N.A.;N.A.;N.A.;;;;;;;;;;;;;;;;;;;
!!02860V   Mtge;0;51;XS1121976648;EUR; ;N.A.;0.00  ;N.A.;N.A.;N.A.;N.A.;18/04/2017;N.A.;PIF;N.A.;N.A.;N.A.;N.A.;N.A.;N.A.;N.A.;N.A.;N.A.;N.A.;N.A.;N.A.; ;0.000000000  ;50;N.A.;N.A.;N.A.;N.A.;N.A.;N.A.;0.000  ; ;N.A.;5.5646  ; ;3.123000  ;N.A.;N.A.;N.A.; ; ; ; ; ; ;N.A.;N.A.;N.A.;;;;;;;;;;;;;;;;;;;
!!02860Y   Mtge;0;51;XS1121980087;EUR; ;N.A.;0.00  ;N.A.;N.A.;N.A.;N.A.;18/04/2017;N.A.;PIF;N.A.;N.A.;N.A.;N.A.;N.A.;N.A.;N.A.;N.A.;N.A.;N.A.;N.A.;N.A.; ;0.000000000  ;50;N.A.;N.A.;N.A.;N.A.;N.A.;N.A.;0.000  ; ;N.A.;5.5646  ; ;5.123000  ;N.A.;N.A.;N.A.; ; ; ; ; ; ;N.A.;N.A.;N.A.;;;;;;;;;;;;;;;;;;;
!!028611   Mtge;0;51;XS1121984154;EUR; ;N.A.;0.00  ;N.A.;N.A.;N.A.;N.A.;18/04/2017;N.A.;PIF;N.A.;N.A.;N.A.;N.A.;N.A.;N.A.;N.A.;N.A.;N.A.;N.A.;N.A.;N.A.; ;0.000000000  ;50;N.A.;N.A.;N.A.;N.A.;N.A.;N.A.;0.000  ; ;N.A.;5.5646  ; ;6.223000  ;N.A.;N.A.;N.A.; ; ; ; ; ; ;N.A.;N.A.;N.A.;;;;;;;;;;;;;;;;;;;
!!028CMZ   Mtge;0;51;XS1138678179;EUR; ;N.A.;0.00  ;N.A.;N.A.;N.A.;N.A.;28/04/2017;N.A.;PIF;N.A.;N.A.;N.A.;N.A.;N.A.;N.A.;N.A.;N.A.;N.A.;N.A.;N.A.;N.A.; ;0.000000000  ;37;N.A.;N.A.;N.A.;N.A.;N.A.;N.A.;0.000  ; ;N.A.;5.8013  ; ;3.472000  ;N.A.;N.A.;N.A.; ; ; ; ; ; ;N.A.;N.A.;N.A.;;;;;;;;;;;;;;;;;;;
!!028CN2   Mtge;0;51;XS1138677957;EUR; ;N.A.;0.00  ;N.A.;N.A.;N.A.;N.A.;30/04/2019;N.A.;PIF;N.A.;N.A.;N.A.;N.A.;N.A.;N.A.;N.A.;N.A.;N.A.;N.A.;N.A.;N.A.; ;0.000000000  ;37;N.A.;N.A.;N.A.;N.A.;N.A.;N.A.;0.000  ; ;N.A.;5.8013  ; ;5.193000  ;N.A.;N.A.;N.A.; ; ; ; ; ; ;N.A.;N.A.;N.A.;;;;;;;;;;;;;;;;;;;
!!028CN6   Mtge;0;51;XS1138676983;EUR; ;N.A.;32600000.00  ;N.A.;N.A.;N.A.;N.A.;18/12/2014;N.A.;NR;N.A.;N.A.;N.A.;N.A.;N.A.;N.A.;N.A.;N.A.;N.A.;N.A.;N.A.;N.A.;30/01/2023;1.000000000  ;37;N.A.;N.A.;N.A.;N.A.;N.A.;N.A.; ; ;0;5.8013  ;28/04/2023;0.000000  ;N.A.;N.A.;N.A.; ; ; ; ; ; ;N.A.;N.A.;N.A.;;;;;;;;;;;;;;;;;;;
!!028DDG   Mtge;0;51;XS1148172791;EUR; ;N.A.;0.00  ;N.A.;N.A.;N.A.;N.A.;15/05/2017;N.A.;PIF;N.A.;N.A.;N.A.;N.A.;N.A.;N.A.;N.A.;N.A.;N.A.;N.A.;N.A.;N.A.; ;0.000000000  ;21;N.A.;N.A.;N.A.;N.A.;N.A.;N.A.;5.750  ; ;N.A.;5.8500  ; ;5.750000  ;N.A.;N.A.;N.A.; ; ; ; ; ; ;N.A.;N.A.;N.A.;;;;;;;;;;;;;;;;;;;
!!028DDI   Mtge;0;51;XS1148175893;EUR; ;N.A.;39500000.00  ;N.A.;N.A.;N.A.;N.A.;15/01/2015;N.A.;NR;N.A.;N.A.;N.A.;N.A.;N.A.;N.A.;N.A.;N.A.;N.A.;N.A.;N.A.;N.A.;17/01/2023;1.000000000  ;50;N.A.;N.A.;N.A.;N.A.;N.A.;N.A.; ; ;0;5.8500  ;17/04/2023;0.000000  ;N.A.;N.A.;N.A.; ; ; ; ; ; ;N.A.;N.A.;N.A.;;;;;;;;;;;;;;;;;;;
!!028ENT   Mtge;0;51;XS1135129200;EUR; ;N.A.;0.00  ;N.A.;N.A.;N.A.;N.A.;21/04/2017;N.A.;PIF;N.A.;N.A.;N.A.;N.A.;N.A.;N.A.;N.A.;N.A.;N.A.;N.A.;N.A.;N.A.; ;0.000000000  ;44;N.A.;N.A.;N.A.;N.A.;N.A.;N.A.;5.500  ; ;N.A.;5.6720  ; ;5.500000  ;N.A.;N.A.;N.A.; ; ; ; ; ; ;N.A.;N.A.;N.A.;;;;;;;;;;;;;;;;;;;
!!028PFP Mtge;0;51;XS1190700820;EUR; ;N.A.;47300000.00  ;N.A.;N.A.;N.A.;N.A.;N.A.;N.A.;N.A.;N.A.;N.A.;N.A.;N.A.;N.A.;N.A.;N.A.;N.A.;N.A.;N.A.;N.A.;N.A.;17/01/2023;1.000000000  ;50;N.A.;N.A.;N.A.;N.A.;N.A.;N.A.; ; ;0;5.5684  ;17/04/2023;0.000000  ;N.A.;N.A.;N.A.; ; ; ; ; ; ;N.A.;N.A.;N.A.;;;;;;;;;;;;;;;;;;;
!!028Q4A   Mtge;0;51;XS1191098257;EUR; ;N.A.;0.00  ;N.A.;N.A.;N.A.;N.A.;16/03/2021;N.A.;PIF;N.A.;N.A.;N.A.;N.A.;N.A.;N.A.;N.A.;N.A.;N.A.;N.A.;N.A.;N.A.; ;0.000000000  ;37;N.A.;N.A.;N.A.;N.A.;N.A.;N.A.;5.650  ; ;N.A.;5.4008  ; ;5.650000  ;N.A.;N.A.;N.A.; ; ; ; ; ; ;N.A.;N.A.;N.A.;;;;;;;;;;;;;;;;;;;
!!028Q4C   Mtge;0;51;XS1191100335;EUR; ;N.A.;52090000.00  ;N.A.;N.A.;N.A.;N.A.;16/03/2015;N.A.;NR;N.A.;N.A.;N.A.;N.A.;N.A.;N.A.;N.A.;N.A.;N.A.;N.A.;N.A.;N.A.;30/01/2023;1.000000000  ;37;N.A.;N.A.;N.A.;N.A.;N.A.;N.A.; ; ;0;5.4008  ;28/04/2023;0.000000  ;N.A.;N.A.;N.A.; ; ; ; ; ; ;N.A.;N.A.;N.A.;;;;;;;;;;;;;;;;;;;
!!02905S   Mtge;0;51;XS1212475690;EUR; ;N.A.;0.00  ;N.A.;N.A.;N.A.;N.A.;29/08/2017;N.A.;PIF;N.A.;N.A.;N.A.;N.A.;N.A.;N.A.;N.A.;N.A.;N.A.;N.A.;N.A.;N.A.; ;0.000000000  ;44;N.A.;N.A.;N.A.;N.A.;N.A.;N.A.;5.000  ; ;N.A.;5.2449  ; ;5.000000  ;N.A.;N.A.;N.A.; ; ; ; ; ; ;N.A.;N.A.;N.A.;;;;;;;;;;;;;;;;;;;
!!02905T   Mtge;0;51;XS1212473216;EUR; ;N.A.;0.00  ;N.A.;N.A.;N.A.;N.A.;29/08/2017;N.A.;PIF;N.A.;N.A.;N.A.;N.A.;N.A.;N.A.;N.A.;N.A.;N.A.;N.A.;N.A.;N.A.; ;0.000000000  ;44;N.A.;N.A.;N.A.;N.A.;N.A.;N.A.;6.500  ; ;N.A.;5.2449  ; ;6.500000  ;N.A.;N.A.;N.A.; ; ; ; ; ; ;N.A.;N.A.;N.A.;;;;;;;;;;;;;;;;;;;
!!02905U   Mtge;0;51;XS1212473133;EUR; ;N.A.;47800000.00  ;N.A.;N.A.;N.A.;N.A.;21/05/2015;N.A.;NR;N.A.;N.A.;N.A.;N.A.;N.A.;N.A.;N.A.;N.A.;N.A.;N.A.;N.A.;N.A.;23/01/2023;1.000000000  ;44;N.A.;N.A.;N.A.;N.A.;N.A.;N.A.; ; ;0;5.2449  ;21/04/2023;0.000000  ;N.A.;N.A.;N.A.; ; ; ; ; ; ;N.A.;N.A.;N.A.;;;;;;;;;;;;;;;;;;;
!!02936W   Mtge;0;51;XS1229265670;EUR; ;N.A.;0.00  ;N.A.;N.A.;N.A.;N.A.;07/05/2021;N.A.;PIF;N.A.;N.A.;N.A.;N.A.;N.A.;N.A.;N.A.;N.A.;N.A.;N.A.;N.A.;N.A.; ;0.000000000  ;49;N.A.;N.A.;N.A.;N.A.;N.A.;N.A.;4.450  ; ;N.A.;3.5578  ; ;4.450000  ;N.A.;N.A.;N.A.; ; ; ; ; ; ;N.A.;N.A.;N.A.;;;;;;;;;;;;;;;;;;;
!!02936Y   Mtge;0;51;XS1229265597;EUR; ;N.A.;47500000.00  ;N.A.;N.A.;N.A.;N.A.;04/06/2015;N.A.;NR;N.A.;N.A.;N.A.;N.A.;N.A.;N.A.;N.A.;N.A.;N.A.;N.A.;N.A.;N.A.;18/01/2023;1.000000000  ;49;N.A.;N.A.;N.A.;N.A.;N.A.;N.A.; ; ;N.A.;3.5578  ;18/04/2023;0.000000  ;N.A.;N.A.;N.A.; ; ; ; ; ; ;N.A.;N.A.;N.A.;;;;;;;;;;;;;;;;;;;
!!0295V1 Mtge;0;51;XS1227790844;EUR; ;N.A.;48000000.00  ;N.A.;N.A.;N.A.;N.A.;20/07/2017;N.A.;NR;N.A.;N.A.;N.A.;N.A.;N.A.;N.A.;N.A.;N.A.;N.A.;N.A.;N.A.;N.A.;20/01/2023;1.000000000  ;47;N.A.;N.A.;N.A.;N.A.;N.A.;N.A.; ; ;0;5.7045  ;20/04/2023;0.000000  ;N.A.;N.A.;N.A.; ; ; ; ; ; ;N.A.;N.A.;N.A.;;;;;;;;;;;;;;;;;;;
!!029AS5   Mtge;0;51;XS1234956834;EUR; ;N.A.;0.00  ;N.A.;N.A.;N.A.;N.A.;30/08/2017;N.A.;PIF;N.A.;N.A.;N.A.;N.A.;N.A.;N.A.;N.A.;N.A.;N.A.;N.A.;N.A.;N.A.; ;0.000000000  ;51;N.A.;N.A.;N.A.;N.A.;N.A.;N.A.;0.000  ; ;N.A.;4.3765  ; ;0.000000  ;N.A.;N.A.;N.A.; ; ; ; ; ; ;N.A.;N.A.;N.A.;;;;;;;;;;;;;;;;;;;
!!029ASH   Mtge;0;51;XS1234957139;EUR; ;N.A.;45400000.00  ;N.A.;N.A.;N.A.;N.A.;30/06/2015;N.A.;NR;N.A.;N.A.;N.A.;N.A.;N.A.;N.A.;N.A.;N.A.;N.A.;N.A.;N.A.;N.A.;16/01/2023;1.000000000  ;51;N.A.;N.A.;N.A.;N.A.;N.A.;N.A.; ; ;0;4.3765  ;17/04/2023;0.000000  ;N.A.;N.A.;N.A.; ; ; ; ; ; ;N.A.;N.A.;N.A.;;;;;;;;;;;;;;;;;;;
!!029B8Z   Mtge;0;51;XS1235784227;EUR; ;N.A.;0.00  ;N.A.;N.A.;N.A.;N.A.;20/07/2017;N.A.;PIF;N.A.;N.A.;N.A.;N.A.;N.A.;N.A.;N.A.;N.A.;N.A.;N.A.;N.A.;N.A.; ;0.000000000  ;47;N.A.;N.A.;N.A.;N.A.;N.A.;N.A.;4.600  ; ;N.A.;3.6949  ; ;4.600000  ;N.A.;N.A.;N.A.; ; ; ; ; ; ;N.A.;N.A.;N.A.;;;;;;;;;;;;;;;;;;;
!!029FZ2   Mtge;0;51;XS1247500918;EUR; ;N.A.;41700000.00  ;N.A.;N.A.;N.A.;N.A.;15/07/2015;N.A.;NR;N.A.;N.A.;N.A.;N.A.;N.A.;N.A.;N.A.;N.A.;N.A.;N.A.;N.A.;N.A.;06/02/2023;1.000000000  ;30;N.A.;N.A.;N.A.;N.A.;N.A.;N.A.; ; ;0;5.9221  ;04/05/2023;0.000000  ;N.A.;N.A.;N.A.; ; ; ; ; ; ;N.A.;N.A.;N.A.;;;;;;;;;;;;;;;;;;;
!!029IXI   Mtge;0;51;XS1246204223;EUR; ;N.A.;0.00  ;N.A.;N.A.;N.A.;N.A.;26/10/2017;N.A.;PIF;N.A.;N.A.;N.A.;N.A.;N.A.;N.A.;N.A.;N.A.;N.A.;N.A.;N.A.;N.A.; ;0.000000000  ;15;N.A.;N.A.;N.A.;N.A.;N.A.;N.A.;6.240  ; ;N.A.;5.8080  ; ;6.240000  ;N.A.;N.A.;N.A.; ; ; ; ; ; ;N.A.;N.A.;N.A.;;;;;;;;;;;;;;;;;;;
!!029RFI   Mtge;0;51;XS1258566758;EUR; ;N.A.;0.00  ;N.A.;N.A.;N.A.;N.A.;N.A.;N.A.;N.A.;N.A.;N.A.;N.A.;N.A.;N.A.;N.A.;N.A.;N.A.;N.A.;N.A.;N.A.;N.A.; ;0.000000000  ;142;N.A.;N.A.;N.A.;N.A.;N.A.;N.A.;0.000  ; ;N.A.;5.8396  ; ;6.008000  ;N.A.;N.A.;N.A.; ; ; ; ; ; ;N.A.;N.A.;N.A.;;;;;;;;;;;;;;;;;;;
!!029RFJ Mtge;0;51;XS1258575668;EUR; ;N.A.;42500000.00  ;N.A.;N.A.;N.A.;N.A.;N.A.;N.A.;N.A.;N.A.;N.A.;N.A.;N.A.;N.A.;N.A.;N.A.;N.A.;N.A.;N.A.;N.A.;N.A.;16/01/2023;1.000000000  ;51;N.A.;N.A.;N.A.;N.A.;N.A.;N.A.; ; ;0;5.8396  ;17/04/2023;0.000000  ;N.A.;N.A.;N.A.; ; ; ; ; ; ;N.A.;N.A.;N.A.;;;;;;;;;;;;;;;;;;;
!!029WKU   Mtge;0;51;XS1291086905;EUR; ;N.A.;0.00  ;N.A.;N.A.;N.A.;N.A.;N.A.;N.A.;N.A.;N.A.;N.A.;N.A.;N.A.;N.A.;N.A.;N.A.;N.A.;N.A.;N.A.;N.A.;N.A.; ;0.000000000  ;51;N.A.;N.A.;N.A.;N.A.;N.A.;N.A.;5.000  ; ;N.A.;5.6055  ; ;5.000000  ;N.A.;N.A.;N.A.; ; ; ; ; ; ;N.A.;N.A.;N.A.;;;;;;;;;;;;;;;;;;;
!!02A93S Mtge;0;51;XS1317418553;EUR; ;N.A.;47000000.00  ;N.A.;N.A.;N.A.;N.A.;10/12/2015;N.A.;NR;N.A.;N.A.;N.A.;N.A.;N.A.;N.A.;N.A.;N.A.;N.A.;N.A.;N.A.;N.A.;20/01/2023;1.000000000  ;47;N.A.;N.A.;N.A.;N.A.;N.A.;N.A.; ; ;0;5.7119  ;20/04/2023;0.000000  ;N.A.;N.A.;N.A.; ; ; ; ; ; ;N.A.;N.A.;N.A.;;;;;;;;;;;;;;;;;;;
!!02AVHY   Mtge;0;51;XS1317359013;EUR; ;N.A.;0.00  ;N.A.;N.A.;N.A.;N.A.;17/04/2018;N.A.;PIF;N.A.;N.A.;N.A.;N.A.;N.A.;N.A.;N.A.;N.A.;N.A.;N.A.;N.A.;N.A.; ;0.000000000  ;50;N.A.;N.A.;N.A.;N.A.;N.A.;N.A.;5.000  ; ;N.A.;5.2487  ; ;5.000000  ;N.A.;N.A.;N.A.; ; ; ; ; ; ;N.A.;N.A.;N.A.;;;;;;;;;;;;;;;;;;;
!!02AZAP   Mtge;0;51;XS1388791516;EUR; ;N.A.;0.00  ;N.A.;N.A.;N.A.;N.A.;17/05/2018;N.A.;PIF;N.A.;N.A.;N.A.;N.A.;N.A.;N.A.;N.A.;N.A.;N.A.;N.A.;N.A.;N.A.; ;0.000000000  ;19;N.A.;N.A.;N.A.;N.A.;N.A.;N.A.;6.500  ; ;N.A.;5.7796  ; ;6.500000  ;N.A.;N.A.;N.A.; ; ; ; ; ; ;N.A.;N.A.;N.A.;;;;;;;;;;;;;;;;;;;
!!02BCMD   Mtge;0;51;XS1432575840;EUR; ;N.A.;0.00  ;N.A.;N.A.;N.A.;N.A.;25/07/2018;N.A.;PIF;N.A.;N.A.;N.A.;N.A.;N.A.;N.A.;N.A.;N.A.;N.A.;N.A.;N.A.;N.A.; ;0.000000000  ;42;N.A.;N.A.;N.A.;N.A.;N.A.;N.A.;6.250  ; ;N.A.;5.7946  ; ;6.250000  ;N.A.;N.A.;N.A.; ; ; ; ; ; ;N.A.;N.A.;N.A.;;;;;;;;;;;;;;;;;;;
!!02BIYV   Mtge;0;51;XS1405776268;EUR; ;N.A.;0.00  ;N.A.;N.A.;N.A.;N.A.;25/09/2020;N.A.;B-;N.A.;N.A.;N.A.;N.A.;N.A.;N.A.;N.A.;N.A.;N.A.;N.A.;N.A.;N.A.; ;0.000000000  ;50;N.A.;N.A.;N.A.;N.A.;N.A.;N.A.;8.600  ; ;N.A.;5.9063  ; ;8.600000  ;N.A.;N.A.;N.A.; ; ; ; ; ; ;N.A.;N.A.;N.A.;;;;;;;;;;;;;;;;;;;
!!02BIYW Mtge;0;51;XS1405770147;EUR; ;N.A.;37800000.00  ;N.A.;N.A.;N.A.;N.A.;15/10/2018;N.A.;NR;N.A.;N.A.;N.A.;N.A.;N.A.;N.A.;N.A.;N.A.;N.A.;N.A.;N.A.;N.A.;17/01/2023;1.000000000  ;50;N.A.;N.A.;N.A.;N.A.;N.A.;N.A.; ; ;0;5.9063  ;17/04/2023;0.000000  ;N.A.;N.A.;N.A.; ; ; ; ; ; ;N.A.;N.A.;N.A.;;;;;;;;;;;;;;;;;;;
!!02BWER   Mtge;0;51;XS1493507997;EUR; ;N.A.;0.00  ;N.A.;N.A.;N.A.;N.A.;N.A.;N.A.;N.A.;N.A.;N.A.;N.A.;N.A.;N.A.;N.A.;N.A.;N.A.;N.A.;N.A.;N.A.;N.A.; ;0.000000000  ;51;N.A.;N.A.;N.A.;N.A.;N.A.;N.A.;5.750  ; ;N.A.;5.8491  ; ;5.750000  ;N.A.;N.A.;N.A.; ; ; ; ; ; ;N.A.;N.A.;N.A.;;;;;;;;;;;;;;;;;;;
!!02C1HB   Mtge;0;51;XS1505671658;EUR; ;N.A.;54550000.00  ;N.A.;N.A.;N.A.;N.A.;30/11/2016;N.A.;NR;N.A.;N.A.;N.A.;N.A.;N.A.;N.A.;N.A.;N.A.;N.A.;N.A.;N.A.;N.A.;07/03/2023;1.000000000  ;1;N.A.;N.A.;N.A.;N.A.;N.A.;N.A.; ; ;0;5.9161  ;07/06/2023;0.000000  ;N.A.;N.A.;N.A.; ; ; ; ; ; ;N.A.;N.A.;N.A.;;;;;;;;;;;;;;;;;;;
!!02C7XR Mtge;0;51;XS1517178619;EUR; ;N.A.;54100000.00  ;N.A.;N.A.;N.A.;N.A.;N.A.;N.A.;N.A.;N.A.;N.A.;N.A.;N.A.;N.A.;N.A.;N.A.;N.A.;N.A.;N.A.;N.A.;N.A.;16/01/2023;1.000000000  ;51;N.A.;N.A.;N.A.;N.A.;N.A.;N.A.; ; ;0;5.3316  ;17/04/2023;0.000000  ;N.A.;N.A.;N.A.; ; ; ; ; ; ;N.A.;N.A.;N.A.;;;;;;;;;;;;;;;;;;;
!!02CDNN Mtge;0;51;XS1531387295;EUR; ;N.A.;55100000.00  ;N.A.;N.A.;N.A.;N.A.;25/01/2017;N.A.;NR;N.A.;N.A.;N.A.;N.A.;N.A.;N.A.;N.A.;N.A.;N.A.;N.A.;N.A.;N.A.;23/01/2023;1.000000000  ;44;N.A.;N.A.;N.A.;N.A.;N.A.;N.A.; ; ;0;5.8727  ;21/04/2023;0.000000  ;N.A.;N.A.;N.A.; ; ; ; ; ; ;N.A.;N.A.;N.A.;;;;;;;;;;;;;;;;;;;
!!02D333 Mtge;0;51;XS1582975824;EUR; ;N.A.;39350000.00  ;N.A.;N.A.;N.A.;N.A.;N.A.;N.A.;N.A.;N.A.;N.A.;N.A.;N.A.;N.A.;N.A.;N.A.;N.A.;N.A.;N.A.;N.A.;N.A.;17/01/2023;1.000000000  ;50;N.A.;N.A.;N.A.;N.A.;N.A.;N.A.; ; ;0;5.6033  ;17/04/2023;0.000000  ;N.A.;N.A.;N.A.; ; ; ; ; ; ;N.A.;N.A.;N.A.;;;;;;;;;;;;;;;;;;;
!!02D560 Mtge;0;51;XS1584048422;EUR; ;N.A.;45250000.00  ;N.A.;N.A.;N.A.;N.A.;N.A.;N.A.;N.A.;N.A.;N.A.;N.A.;N.A.;N.A.;N.A.;N.A.;N.A.;N.A.;N.A.;N.A.;N.A.;16/01/2023;1.000000000  ;51;N.A.;N.A.;N.A.;N.A.;N.A.;N.A.; ; ;0;5.8075  ;17/04/2023;0.000000  ;N.A.;N.A.;N.A.; ; ; ; ; ; ;N.A.;N.A.;N.A.;;;;;;;;;;;;;;;;;;;
!!02D9ZS Mtge;0;51;XS1584832387;EUR; ;N.A.;49350000.00  ;N.A.;N.A.;N.A.;N.A.;N.A.;N.A.;N.A.;N.A.;N.A.;N.A.;N.A.;N.A.;N.A.;N.A.;N.A.;N.A.;N.A.;N.A.;N.A.;17/01/2023;1.000000000  ;50;N.A.;N.A.;N.A.;N.A.;N.A.;N.A.; ; ;0;6.1189  ;17/04/2023;0.000000  ;N.A.;N.A.;N.A.; ; ; ; ; ; ;N.A.;N.A.;N.A.;;;;;;;;;;;;;;;;;;;
!!02DBVA Mtge;0;51;XS1602562818;EUR; ;N.A.;47750000.00  ;N.A.;N.A.;N.A.;N.A.;N.A.;N.A.;N.A.;N.A.;N.A.;N.A.;N.A.;N.A.;N.A.;N.A.;N.A.;N.A.;N.A.;N.A.;N.A.;19/01/2023;1.000000000  ;48;N.A.;N.A.;N.A.;N.A.;N.A.;N.A.; ; ;0;5.8284  ;19/04/2023;0.000000  ;N.A.;N.A.;N.A.; ; ; ; ; ; ;N.A.;N.A.;N.A.;;;;;;;;;;;;;;;;;;;
!!02DIAE Mtge;0;51;XS1577958645;EUR; ;N.A.;22500000.00  ;N.A.;N.A.;N.A.;N.A.;N.A.;N.A.;N.A.;N.A.;N.A.;N.A.;N.A.;N.A.;N.A.;N.A.;N.A.;N.A.;N.A.;N.A.;N.A.;17/01/2023;1.000000000  ;50;N.A.;N.A.;N.A.;N.A.;N.A.;N.A.;5.450  ; ;0;5.5697  ;17/04/2023;7.738000  ;N.A.;N.A.;N.A.; ; ; ; ; ; ;N.A.;N.A.;N.A.;;;;;;;;;;;;;;;;;;;
!!02DKD1 Mtge;0;51;XS1619575001;EUR; ;N.A.;45400000.00  ;N.A.;N.A.;N.A.;N.A.;05/07/2017;N.A.;NR;N.A.;N.A.;N.A.;N.A.;N.A.;N.A.;N.A.;N.A.;N.A.;N.A.;N.A.;N.A.;17/01/2023;1.000000000  ;50;N.A.;N.A.;N.A.;N.A.;N.A.;N.A.; ; ;0;5.5928  ;17/04/2023;0.000000  ;N.A.;N.A.;N.A.; ; ; ; ; ; ;N.A.;N.A.;N.A.;;;;;;;;;;;;;;;;;;;
!!02DKUG Mtge;0;51;XS1614209051;EUR; ;N.A.;22400000.00  ;N.A.;N.A.;N.A.;N.A.;N.A.;N.A.;N.A.;N.A.;N.A.;N.A.;N.A.;N.A.;N.A.;N.A.;N.A.;N.A.;N.A.;N.A.;N.A.;23/01/2023;1.000000000  ;44;N.A.;N.A.;N.A.;N.A.;N.A.;N.A.;5.050  ; ;0;5.7956  ;24/04/2023;7.443000  ;N.A.;N.A.;N.A.; ; ; ; ; ; ;N.A.;N.A.;N.A.;;;;;;;;;;;;;;;;;;;
!!02DNGV Mtge;0;51;XS1627782268;EUR; ;N.A.;22120000.00  ;N.A.;N.A.;N.A.;N.A.;01/03/2022;N.A.;BB+;N.A.;N.A.;N.A.;N.A.;N.A.;N.A.;N.A.;N.A.;N.A.;N.A.;N.A.;N.A.;28/12/2022;1.000000000  ;70;N.A.;N.A.;N.A.;N.A.;N.A.;N.A.;5.100  ; ;0;5.7391  ;27/03/2023;7.225000  ;N.A.;N.A.;N.A.; ; ; ; ; ; ;N.A.;N.A.;N.A.;;;;;;;;;;;;;;;;;;;
!!02DSC0 Mtge;0;51;XS1633948390;EUR; ;N.A.;27000000.00  ;N.A.;N.A.;N.A.;N.A.;N.A.;N.A.;N.A.;N.A.;N.A.;N.A.;N.A.;N.A.;N.A.;N.A.;N.A.;N.A.;N.A.;N.A.;N.A.;15/02/2023;1.000000000  ;21;N.A.;N.A.;N.A.;N.A.;N.A.;N.A.;5.230  ; ;0;5.6604  ;15/05/2023;7.884000  ;N.A.;N.A.;N.A.; ; ; ; ; ; ;N.A.;N.A.;N.A.;;;;;;;;;;;;;;;;;;;
!!02DSC2 Mtge;0;51;XS1633947400;EUR; ;N.A.;46100000.00  ;N.A.;N.A.;N.A.;N.A.;N.A.;N.A.;N.A.;N.A.;N.A.;N.A.;N.A.;N.A.;N.A.;N.A.;N.A.;N.A.;N.A.;N.A.;N.A.;15/02/2023;1.000000000  ;21;N.A.;N.A.;N.A.;N.A.;N.A.;N.A.; ; ;0;5.6604  ;15/05/2023;0.000000  ;N.A.;N.A.;N.A.; ; ; ; ; ; ;N.A.;N.A.;N.A.;;;;;;;;;;;;;;;;;;;
!!02DWAD Mtge;0;51;XS1641530024;EUR; ;N.A.;28000000.00  ;N.A.;N.A.;N.A.;N.A.;N.A.;N.A.;N.A.;N.A.;N.A.;N.A.;N.A.;N.A.;N.A.;N.A.;N.A.;N.A.;N.A.;N.A.;N.A.;23/01/2023;1.000000000  ;44;N.A.;N.A.;N.A.;N.A.;N.A.;N.A.;5.070  ; ;0;5.2449  ;21/04/2023;7.463000  ;N.A.;N.A.;N.A.; ; ; ; ; ; ;N.A.;N.A.;N.A.;;;;;;;;;;;;;;;;;;;
!!02DWVT Mtge;0;51;XS1641646085;EUR; ;N.A.;0.00  ;N.A.;N.A.;N.A.;N.A.;N.A.;N.A.;N.A.;N.A.;N.A.;N.A.;N.A.;N.A.;N.A.;N.A.;N.A.;N.A.;N.A.;N.A.;N.A.; ;0.000000000  ;47;N.A.;N.A.;N.A.;N.A.;N.A.;N.A.;5.300  ; ;N.A.;3.6949  ; ;5.300000  ;N.A.;N.A.;N.A.; ; ; ; ; ; ;N.A.;N.A.;N.A.;;;;;;;;;;;;;;;;;;;
!!02E0Q8 Mtge;0;51;XS1646964996;EUR; ;N.A.;0.00  ;N.A.;N.A.;N.A.;N.A.;29/12/2022;N.A.;PIF;N.A.;N.A.;N.A.;N.A.;N.A.;N.A.;N.A.;N.A.;N.A.;N.A.;N.A.;N.A.; ;0.000000000  ;21;N.A.;N.A.;N.A.;N.A.;N.A.;N.A.;0.000  ; ;N.A.;4.6385  ; ;6.962000  ;N.A.;N.A.;N.A.; ; ; ; ; ; ;N.A.;N.A.;N.A.;;;;;;;;;;;;;;;;;;;
!!02E0Q9 Mtge;0;51;XS1646965613;EUR; ;N.A.;0.00  ;N.A.;N.A.;N.A.;N.A.;29/12/2022;N.A.;PIF;N.A.;N.A.;N.A.;N.A.;N.A.;N.A.;N.A.;N.A.;N.A.;N.A.;N.A.;N.A.; ;0.000000000  ;21;N.A.;N.A.;N.A.;N.A.;N.A.;N.A.;0.000  ; ;N.A.;4.6385  ; ;8.662000  ;N.A.;N.A.;N.A.; ; ; ; ; ; ;N.A.;N.A.;N.A.;;;;;;;;;;;;;;;;;;;
